社名,番号,住所,URL,検索キーワード,検索地域,日時
飯田病院,0265225150,長野県飯田市大通１丁目 １５,https://itp.ne.jp/info/206584358000000899/,介護,長野県飯田市,2024年05月12日 22:37:55
カリスリフォーム,0120881470,長野県飯田市桐林 ２７７０−４,https://itp.ne.jp/info/205852654131741370/,介護,長野県飯田市,2024年05月12日 22:37:55
アップルペイント株式会社飯田支店,0265536553,長野県飯田市育良町２丁目 １１７−１,https://itp.ne.jp/info/200524153163451750/,介護,長野県飯田市,2024年05月12日 22:37:55
輝山会記念病院,0265268111,長野県飯田市毛賀 １７０７,https://itp.ne.jp/info/201820547151051470/,介護,長野県飯田市,2024年05月12日 22:37:55
健和会／病院,0265233115,長野県飯田市鼎中平 １９３６,https://itp.ne.jp/info/206932458000000899/,介護,長野県飯田市,2024年05月12日 22:37:56
アップルハイツ飯田,0265211165,長野県飯田市羽場権現 １６１８,https://itp.ne.jp/info/207696258000000899/,介護,長野県飯田市,2024年05月12日 22:37:56
株式会社マスト介護サービス部,0265235722,長野県飯田市上郷別府 ３３１３−８,https://itp.ne.jp/info/208162614170031180/,介護,長野県飯田市,2024年05月12日 22:37:56
株式会社ツクイ／飯田営業所,0265228194,長野県飯田市上郷別府 ３３２７−１１,https://itp.ne.jp/info/209728358000000899/,介護,長野県飯田市,2024年05月12日 22:37:56
カリスリフォーム,0265267711,長野県飯田市桐林 ２７７０−４,https://itp.ne.jp/info/200056658000000899/,介護,長野県飯田市,2024年05月12日 22:37:56
米山建築店,0265222754,長野県飯田市毛賀 １１２１−１０,https://itp.ne.jp/info/200512358000000899/,介護,長野県飯田市,2024年05月12日 22:37:56
菅沼病院,0265220532,長野県飯田市鼎中平 １９７０,https://itp.ne.jp/info/201788258000000899/,介護,長野県飯田市,2024年05月12日 22:37:57
介護のかふね本店,0265257738,長野県飯田市北方 ２４５６−３,https://itp.ne.jp/info/204081729095830020/,介護,長野県飯田市,2024年05月12日 22:37:57
ヘアー・スタジオＭ’ｓ,0265233794,長野県飯田市羽場町２丁目 １２−２,https://itp.ne.jp/info/204713458000000899/,介護,長野県飯田市,2024年05月12日 22:37:57
いけだ理容室,0265231974,長野県飯田市上郷飯沼 ３７００−５,https://itp.ne.jp/info/204911458000000899/,介護,長野県飯田市,2024年05月12日 22:37:57
訪問看護ステーションわか葉,0265498918,長野県飯田市松尾寺所 ７０５１,https://itp.ne.jp/info/205223907123181780/,介護,長野県飯田市,2024年05月12日 22:37:57
長野県看護協会（公益社団法人）／飯伊訪問看護ステーション,0265564311,長野県飯田市鼎切石 ４３５８−１,https://itp.ne.jp/info/205617068000000899/,介護,長野県飯田市,2024年05月12日 22:37:57
ビューティーサロン江崎,0265231592,長野県飯田市大門町 ３８３６−３,https://itp.ne.jp/info/207670458000000899/,介護,長野県飯田市,2024年05月12日 22:37:58
サロンド・カトウ,0120109669,長野県飯田市鼎中平 ２２５４−５,https://itp.ne.jp/info/204168458000000899/,介護,長野県飯田市,2024年05月12日 22:37:58
