Ж,ԍ,Z,URL,L[[h,n,
e,0120233694,쌧JsݓS P|T,https://itp.ne.jp/info/201117078000000899/,,쌧Js,2024N0512 22:36:37
傤ǂtH[G[V,0120406889,쌧JsnP U|QO,https://itp.ne.jp/info/202066278000000899/,,쌧Js,2024N0512 22:36:37
soqg[^T[rXЖ{,0266238817,쌧JsΒQ PU|U,https://itp.ne.jp/info/201074731194450940/,,쌧Js,2024N0512 22:36:37
傤ǂtH[G[V,0266280111,쌧JsnP U|QO,https://itp.ne.jp/info/200066278000000899/,,쌧Js,2024N0512 22:36:37
R}cwA[T,0266224978,쌧JsQ T|PV,https://itp.ne.jp/info/200368968000000899/,,쌧Js,2024N0512 22:36:38
rhkudqe,0266227867,쌧JsP P|QU,https://itp.ne.jp/info/200691078000000899/,,쌧Js,2024N0512 22:36:38
}L,0266238410,쌧JsS P|PO,https://itp.ne.jp/info/203081178000000899/,,쌧Js,2024N0512 22:36:38
Va,0266243708,쌧JsΔȂS P|QV,https://itp.ne.jp/info/205121013164350810/,,쌧Js,2024N0512 22:36:38
lhx`y`v`\g`hq,0266227319,쌧JsݓS R|PP,https://itp.ne.jp/info/205221078000000899/,,쌧Js,2024N0512 22:36:38
zKΔȕa@w苏xƏ,0266262525,쌧JsnP PP|RO,https://itp.ne.jp/info/205485178000000899/,,쌧Js,2024N0512 22:36:39
ACYe,0266242391,쌧Js{Q T|X,https://itp.ne.jp/info/205514178000000899/,,쌧Js,2024N0512 22:36:39
e,0266233694,쌧JsݓS P|T,https://itp.ne.jp/info/208017078000000899/,,쌧Js,2024N0512 22:36:39
GJe,0266226296,쌧Js{P U|PQ,https://itp.ne.jp/info/208331031149921580/,,쌧Js,2024N0512 22:36:39
JbgnEX}g,0120242993,쌧JsP P|R,https://itp.ne.jp/info/202144178000000899/,,쌧Js,2024N0512 22:36:39
݂Ǘe^\p,0120235349,쌧JsQ Q|RP,https://itp.ne.jp/info/207119968000000899/,,쌧Js,2024N0512 22:36:39
wA[TJc~,0120235972,쌧Js{P Q|W,https://itp.ne.jp/info/207303926171861290/,,쌧Js,2024N0512 22:36:40
nrfCT[rXJ,0266755370,쌧Js{P V|RT,https://itp.ne.jp/info/200971745187171900/,,쌧Js,2024N0512 22:36:40
ceX,0266235332,쌧JsQ V|V,https://itp.ne.jp/info/201578078000000899/,,쌧Js,2024N0512 22:36:40
VaƁ^aƐVq,0266752525,쌧JsݒR S|P,https://itp.ne.jp/info/201635543180060310/,,쌧Js,2024N0512 22:36:40
fCT[rXނ,0266242006,쌧Js{R R|W,https://itp.ne.jp/info/202483706104150950/,,쌧Js,2024N0512 22:36:50
悤ΔȖ{X,0266234338,쌧JsΔȂP QT|W,https://itp.ne.jp/info/202777078000000899/,,쌧Js,2024N0512 22:36:51
xƏ,0266556780,쌧Jsn䏊Q PS|PQ|`QOU,https://itp.ne.jp/info/203035325159780380/,,쌧Js,2024N0512 22:36:51
wA[TJc~,0266235972,쌧Js{P Q|W,https://itp.ne.jp/info/203549078000000899/,,쌧Js,2024N0512 22:36:51
wA[TȂ,0266225322,쌧Js{P PO|U,https://itp.ne.jp/info/203809968000000899/,,쌧Js,2024N0512 22:36:51
VaƁ^aƃwp[Xe[V,0266755669,쌧JsRP P|QQ,https://itp.ne.jp/info/204081443180060310/,,쌧Js,2024N0512 22:36:51
JbgnEX}g,0266242993,쌧JsP P|R,https://itp.ne.jp/info/204144178000000899/,,쌧Js,2024N0512 22:36:52
eG,0266287129,쌧JsnR U|R|Q,https://itp.ne.jp/info/204152378000000899/,,쌧Js,2024N0512 22:36:52
pZIK쎖Ə,0266789525,쌧JsԉHR Q|PT,https://itp.ne.jp/info/204541853174670880/,,쌧Js,2024N0512 22:36:52
ЃcNCJcƏ,0266211320,쌧Js{P V|QP,https://itp.ne.jp/info/204783454194261880/,,쌧Js,2024N0512 22:36:52
ReXcX,0266242275,쌧JscP W|P,https://itp.ne.jp/info/204934020114530620/,,쌧Js,2024N0512 22:36:52
enV,0266225130,쌧Js{P T|P,https://itp.ne.jp/info/205288968000000899/,,쌧Js,2024N0512 22:36:53
OGX؍ޗLЍݑ샊tH[Z^[,0266225294,쌧JsˊԒP U|X,https://itp.ne.jp/info/205309968000000899/,,쌧Js,2024N0512 22:36:53
eWbs[JX,0266211675,쌧Js{R P|T,https://itp.ne.jp/info/206452968000000899/,,쌧Js,2024N0512 22:36:53
Ă܂cV,0266238827,쌧Js_P Q|Q,https://itp.ne.jp/info/206580236127040960/,,쌧Js,2024N0512 22:36:53
wA[X^WItg,0266240917,쌧JsˊԒQ U|W,https://itp.ne.jp/info/206833178000000899/,,쌧Js,2024N0512 22:36:53
ѓʗ{Vlz[,0266211180,쌧Js RPVQR|POP,https://itp.ne.jp/info/208045341110631340/,,쌧Js,2024N0512 22:36:53
ИaƖ{,0266752606,쌧JsΔȂS P|QV,https://itp.ne.jp/info/208045801146570070/,,쌧Js,2024N0512 22:36:53
j`CPAZ^[,0266262912,쌧JsnP V|QU,https://itp.ne.jp/info/208442421155142000/,,쌧Js,2024N0512 22:37:02
pZIxƏ,0266783284,쌧JsԉHR Q|PT,https://itp.ne.jp/info/208465453123371220/,,쌧Js,2024N0512 22:37:02
NEeX,0266229695,쌧JsΔȂQ PU|PT,https://itp.ne.jp/info/208543078000000899/,,쌧Js,2024N0512 22:37:03
e,0266277254,쌧Jsnċ{R Q|P,https://itp.ne.jp/info/208623278000000899/,,쌧Js,2024N0512 22:37:03
wA[T|,0266279072,쌧JsnP PQ|RP,https://itp.ne.jp/info/208965278000000899/,,쌧Js,2024N0512 22:37:03
݂Ǘe,0266225349,쌧JsQ Q|RP,https://itp.ne.jp/info/209119968000000899/,,쌧Js,2024N0512 22:37:03
wp[Xe[V킩,0266234884,쌧JsΔȂR Q|PW,https://itp.ne.jp/info/209120543122231820/,,쌧Js,2024N0512 22:37:04
ЃcNCcNCETVCJ,0266217270,쌧Js{Q S|PO,https://itp.ne.jp/info/209240521191271740/,,쌧Js,2024N0512 22:37:04
݂₱,0266235375,쌧Js{R Q|QO,https://itp.ne.jp/info/209294430146760290/,,쌧Js,2024N0512 22:37:04
exnt,0266277023,쌧Jsnċ{R PV|T|ROS,https://itp.ne.jp/info/209692278000000899/,,쌧Js,2024N0512 22:37:04
₳킩݂⋏xƏ,0266786417,쌧JsxmP P|PT|POR,https://itp.ne.jp/info/520000377929930001/,,쌧Js,2024N0512 22:37:04
Ђ,0266554837,쌧JsQ R|PP|W,https://itp.ne.jp/info/520000473891120001/,,쌧Js,2024N0512 22:37:04
Ō쏬K͑@\ő@肦킩݂,0266551327,쌧Js{P T|QV,https://itp.ne.jp/info/520000603244120001/,,쌧Js,2024N0512 22:37:05
xƏف[,0266783938,쌧JsnQ S|SO,https://itp.ne.jp/info/520000603245230001/,,쌧Js,2024N0512 22:37:05
j`CPAZ^[,0266262916,쌧JsnP V|QU,https://itp.ne.jp/info/200014539061571000/,,쌧Js,2024N0512 22:37:05
wp[Xe[V킩,0266234410,쌧JsΔȂR Q|PW,https://itp.ne.jp/info/200705021185240440/,,쌧Js,2024N0512 22:37:05
LЃG[VJX,0266280222,쌧JsnP U|QO,https://itp.ne.jp/info/200824416172271530/,,쌧Js,2024N0512 22:37:05
nrfCT[rXJ,0266755360,쌧Js{P V|RT,https://itp.ne.jp/info/200980845187171400/,,쌧Js,2024N0512 22:37:06
݂₱,0266231153,쌧Js{R Q|QO,https://itp.ne.jp/info/201710430146760290/,,쌧Js,2024N0512 22:37:14
Va,0266240811,쌧JsΔȂS P|QV,https://itp.ne.jp/info/203052213164350760/,,쌧Js,2024N0512 22:37:14
VaƁ^aƐVq,0266755509,쌧JsݒR S|P,https://itp.ne.jp/info/203241643180060940/,,쌧Js,2024N0512 22:37:15
pZIxƏ,0266783294,쌧JsԉHR Q|PT,https://itp.ne.jp/info/204970453123371020/,,쌧Js,2024N0512 22:37:15
ЃcNCcNCETVCJ,0266217271,쌧Js{Q S|PO,https://itp.ne.jp/info/205771921191270170/,,쌧Js,2024N0512 22:37:15
fCT[rXނ,0266248211,쌧Js{R R|W,https://itp.ne.jp/info/206273406104151590/,,쌧Js,2024N0512 22:37:15
Ă܂cV,0266238852,쌧Js_P Q|Q,https://itp.ne.jp/info/207732336127040540/,,쌧Js,2024N0512 22:37:16
zKΔȕa@w苏xƏ,0266288414,쌧JsnP PP|RO,https://itp.ne.jp/info/208053378000000899/,,쌧Js,2024N0512 22:37:16
eWbs[JX,0266211676,쌧Js{R P|T,https://itp.ne.jp/info/208452968000000899/,,쌧Js,2024N0512 22:37:16
Ђ,0266559465,쌧JsQ R|PP|W,https://itp.ne.jp/info/520000473891360001/,,쌧Js,2024N0512 22:37:16
Vlی{ݔ,0266288910,쌧JsnP PP|RO,https://itp.ne.jp/info/203021854187431970/,,쌧Js,2024N0512 22:37:16
Vl{ݏ,0266212200,쌧JsR SVUX|TSW,https://itp.ne.jp/info/203555741172970670/,,쌧Js,2024N0512 22:37:16
K쎖Ə悩,0266554007,쌧Jsn䏊Q PS|PQ|POP,https://itp.ne.jp/info/207365803121270500/,,쌧Js,2024N0512 22:37:16
EFn[g^Z쎖Ə,0266280751,쌧JsnЊԒP PP|P,https://itp.ne.jp/info/200541014105031270/,,쌧Js,2024N0512 22:37:17
EFn[g^ʏ쎖Ə,0266280755,쌧JsnЊԒP PP|P,https://itp.ne.jp/info/201564014105030640/,,쌧Js,2024N0512 22:37:17
Jsa@^xƏ,0266238700,쌧Js{S PP|RR,https://itp.ne.jp/info/203402178000000899/,,쌧Js,2024N0512 22:37:17
₩̋MB,0266248822,쌧JscQ P|QS,https://itp.ne.jp/info/200581714180560510/,,쌧Js,2024N0512 22:37:17
RynEX,0266555516,쌧Jsq Q|QP,https://itp.ne.jp/info/520000537139760001/,,쌧Js,2024N0512 22:37:17
zKΔȕa@KŌXe[V,0266270852,쌧JsnP PP|RO,https://itp.ne.jp/info/204307178000000899/,,쌧Js,2024N0512 22:37:17
ʗ{Vlz[S,0266286537,쌧JsnoQ U|RR,https://itp.ne.jp/info/200391378000000899/,,쌧Js,2024N0512 22:37:17
fCT[rXZ^[Ȃ₩J,0266755780,쌧Js_P S|PO,https://itp.ne.jp/info/200372654193070090/,,쌧Js,2024N0512 22:37:26
Jsa@^JsKŌXe[V,0266232000,쌧Js{S PP|RR,https://itp.ne.jp/info/201325078000000899/,,쌧Js,2024N0512 22:37:26
X}[gPA^E,0266755015,쌧JsnvۂQ PW|P,https://itp.ne.jp/info/202662616114160240/,,쌧Js,2024N0512 22:37:27
aƁEԉ,0266788480,쌧JsR蒬Q R|QU,https://itp.ne.jp/info/203135054103361610/,,쌧Js,2024N0512 22:37:27
aƓa,0266752708,쌧JsRP P|QQ,https://itp.ne.jp/info/204601028164661900/,,쌧Js,2024N0512 22:37:27
nre[V,0266783261,쌧JsnQ W|QW,https://itp.ne.jp/info/205084845184771670/,,쌧Js,2024N0512 22:37:27
fCT[rXpZI,0266224155,쌧JsԉHR Q|PT,https://itp.ne.jp/info/206252254110270080/,,쌧Js,2024N0512 22:37:27
nrfCT[rX݋,0266241044,쌧JsݓQ V|QT,https://itp.ne.jp/info/206561226126360280/,,쌧Js,2024N0512 22:37:28
ЂȂLVlz[z[v,0266787979,쌧JsRQ PR|PO,https://itp.ne.jp/info/207552859052371980/,,쌧Js,2024N0512 22:37:28
O[vz[,0266211113,쌧Js RPVQR|POP,https://itp.ne.jp/info/209995246185241690/,,쌧Js,2024N0512 22:37:28
AsR^NV[zKnWzԃZ^[,0266229561,쌧Js{P P|V,https://itp.ne.jp/info/203333078000000899/,,쌧Js,2024N0512 22:37:28
^NV[Ƃ䂫,0266780090,쌧JsݒQ RR|RP,https://itp.ne.jp/info/206942754114861880/,,쌧Js,2024N0512 22:37:28
Vlی{ݔ,0266275313,쌧JsnP PP|RO,https://itp.ne.jp/info/209111278000000899/,,쌧Js,2024N0512 22:37:28
Jsa@^xƏ,0266238740,쌧Js{S PP|RR,https://itp.ne.jp/info/204802178000000899/,,쌧Js,2024N0512 22:37:28
ʗ{Vlz[S,0266283949,쌧JsnoQ U|RR,https://itp.ne.jp/info/201989278000000899/,,쌧Js,2024N0512 22:37:29
ЂȂLVlz[z[v,0266787989,쌧JsRQ PR|PO,https://itp.ne.jp/info/206783000152371760/,,쌧Js,2024N0512 22:37:29
fCT[rXpZI,0266786875,쌧JsԉHR Q|PT,https://itp.ne.jp/info/209100354110270380/,,쌧Js,2024N0512 22:37:29
